日期,開盤,最高,最低,收盤,成交量
2018-01-30,29.805824,30.048544,29.805824,30.0,47380.0
2018-01-31,30.0,30.38835,30.0,30.38835,42487.0
2018-02-01,30.291262,30.38835,30.097088,30.38835,8394.0
2018-02-02,30.679611,30.679611,30.291262,30.291262,16583.0
2018-02-05,29.854368,30.582523,29.708736,30.485435,41200.0
2018-02-06,30.097088,30.097088,28.932037,28.932037,92700.0
2018-02-07,30.194174,30.242718,28.737864,29.563107,40633.0
2018-02-08,28.786407,29.417475,28.786407,29.223301,13390.0
2018-02-09,29.223301,29.223301,29.223301,29.223301,0.0
2018-02-12,28.640776,28.737864,28.009708,28.640776,66980.0
2018-02-21,29.077669,29.077669,28.640776,28.68932,70132.0
2018-02-22,29.029125,29.902912,28.68932,29.126213,20630.0
2018-02-23,29.805824,29.805824,29.126213,29.466019,17682.0
2018-02-26,29.708736,29.708736,28.883495,29.320389,55795.0
2018-02-27,29.029125,29.174757,28.932037,28.980581,45515.0
2018-03-01,28.834951,28.834951,28.737864,28.834951,18744.0
2018-03-02,28.68932,29.417475,28.640776,28.68932,22770.0
2018-03-05,28.495146,28.495146,28.446602,28.495146,21630.0
2018-03-06,28.640776,29.320389,28.398058,28.446602,46442.0
2018-03-07,28.398058,28.398058,28.30097,28.30097,16270.0
2018-03-08,28.640776,28.737864,28.640776,28.640776,22998.0
2018-03-09,28.68932,28.834951,28.54369,28.54369,16037.0
2018-03-12,28.54369,29.417475,28.54369,29.029125,69010.0
2018-03-13,29.126213,29.320389,29.077669,29.271845,60255.0
2018-03-14,29.514563,29.563107,29.320389,29.514563,38120.0
2018-03-15,29.514563,29.805824,29.466019,29.805824,34628.0
2018-03-16,30.291262,31.067961,30.242718,30.582523,231966.0
2018-03-19,30.582523,30.728155,30.436893,30.436893,62830.0
2018-03-20,30.436893,30.533979,30.291262,30.291262,34463.0
2018-03-21,30.291262,30.776699,30.291262,30.776699,38596.0
2018-03-22,30.776699,31.262135,30.776699,31.067961,183432.0
2018-03-23,30.582523,31.067961,29.854368,31.019417,61170.0
2018-03-26,30.728155,31.310678,30.436893,31.067961,62319.0
2018-03-27,31.019417,31.019417,30.776699,31.019417,21413.0
2018-03-28,31.165049,31.165049,30.291262,31.067961,75705.0
2018-03-29,31.116505,31.165049,30.873787,31.019417,32034.0
2018-03-30,31.067961,31.116505,30.776699,31.019417,59740.0
2018-04-02,31.067961,31.067961,30.825241,31.067961,36124.0
2018-04-03,31.067961,31.067961,30.582523,31.067961,71100.0
2018-04-09,31.067961,31.067961,30.582523,30.631067,144230.0
2018-04-10,30.582523,30.970873,30.582523,30.679611,28943.0
2018-04-11,30.679611,30.922331,30.582523,30.873787,27810.0
2018-04-12,30.485435,30.485435,30.436893,30.485435,21674.0
2018-04-13,30.097088,31.067961,30.0,30.970873,73616.0
2018-04-16,30.825241,30.825241,30.145632,30.145632,40077.0
2018-04-17,30.097088,30.097088,29.223301,29.368933,117729.0
2018-04-18,29.271845,29.320389,29.126213,29.271845,43334.0
2018-04-19,29.951456,30.339806,29.466019,30.097088,50618.0
2018-04-20,29.514563,30.582523,29.514563,30.097088,39703.0
2018-04-23,30.097088,30.097088,29.563107,29.563107,31930.0
2018-04-24,30.097088,30.533979,29.466019,29.466019,35050.0
2018-04-25,29.902912,29.902912,29.902912,29.902912,2338.0
2018-04-26,29.563107,30.097088,29.320389,29.805824,63180.0
2018-04-27,29.805824,29.805824,29.368933,29.417475,38295.0
2018-04-30,29.417475,30.097088,29.271845,29.417475,25811.0
2018-05-02,29.271845,29.514563,28.592234,28.883495,35779.0
2018-05-03,29.029125,29.563107,28.932037,29.563107,202910.0
2018-05-04,29.126213,29.902912,28.980581,29.029125,33789.0
2018-05-07,29.029125,29.077669,29.029125,29.077669,59019.0
2018-05-08,29.077669,29.320389,29.029125,29.320389,15450.0
2018-05-09,29.126213,29.174757,29.029125,29.029125,25780.0
2018-05-10,28.932037,29.126213,28.834951,29.029125,22866.0
2018-05-11,28.834951,28.932037,28.834951,28.883495,47380.0
2018-05-14,28.932037,29.902912,28.932037,29.417475,38996.0
2018-05-15,29.466019,29.902912,29.029125,29.75728,62618.0
2018-05-16,29.514563,29.61165,29.368933,29.563107,41383.0
2018-05-17,29.174757,29.514563,29.174757,29.417475,22243.0
2018-05-18,29.466019,29.466019,29.126213,29.126213,57701.0
2018-05-21,29.805824,30.097088,29.466019,30.097088,40995.0
2018-05-22,30.097088,30.582523,30.097088,30.291262,27840.0
2018-05-23,30.339806,30.436893,30.194174,30.194174,27810.0
2018-05-24,30.339806,30.533979,30.194174,30.485435,32022.0
2018-05-25,30.436893,30.436893,30.145632,30.242718,15450.0
2018-05-28,30.242718,30.291262,29.951456,30.242718,24102.0
2018-05-29,30.242718,30.291262,28.68932,30.291262,39335.0
2018-05-30,30.242718,30.242718,29.854368,30.097088,9486.0
2018-05-31,30.873787,30.873787,29.708736,30.582523,40461.0
2018-06-01,30.436893,30.776699,30.436893,30.776699,43260.0
2018-06-04,30.873787,31.165049,30.873787,31.019417,90640.0
2018-06-05,31.019417,31.067961,30.485435,30.873787,36369.0
2018-06-06,30.533979,30.728155,30.436893,30.485435,43507.0
2018-06-07,30.436893,30.631067,30.38835,30.38835,17812.0
2018-06-08,30.291262,30.485435,30.291262,30.436893,11330.0
2018-06-11,30.097088,30.242718,29.951456,30.097088,50470.0
2018-06-12,30.0,30.291262,29.902912,30.291262,60194.0
2018-06-13,30.436893,30.873787,30.38835,30.485435,43443.0
2018-06-14,30.873787,31.019417,30.38835,30.38835,54620.0
2018-06-15,30.38835,30.38835,30.097088,30.194174,49484.0
2018-06-19,29.902912,30.242718,29.708736,30.242718,29959.0
2018-06-20,30.776699,33.155338,30.485435,33.106796,955117.0
2018-06-21,33.300968,33.737865,31.553398,32.233009,935756.0
2018-06-22,32.087379,32.087379,31.553398,31.990292,135157.0
2018-06-25,32.184467,32.233009,31.747572,32.038834,67980.0
2018-06-26,32.038834,32.038834,31.116505,31.213593,113598.0
2018-06-27,31.213593,32.038834,31.165049,31.84466,50018.0
2018-06-28,32.038834,32.184467,31.553398,31.650484,50676.0
2018-06-29,32.038834,32.135921,31.747572,31.941748,101238.0
2018-07-02,32.038834,32.135921,31.747572,32.038834,90701.0
2018-07-03,32.038834,32.038834,31.553398,31.990292,62912.0
2018-07-04,31.990292,32.038834,31.45631,31.893204,28016.0
2018-07-05,31.60194,31.893204,31.45631,31.84466,34010.0
2018-07-06,31.650484,31.941748,31.262135,31.359222,66253.0
2018-07-09,31.69903,31.69903,31.359222,31.553398,47483.0
2018-07-10,31.553398,32.330097,31.359222,30.194174,91773.0
2018-07-11,29.563107,29.75728,29.417475,29.417475,49749.0
2018-07-12,29.077669,29.61165,29.029125,29.61165,54590.0
2018-07-13,29.126213,29.466019,28.932037,29.126213,70949.0
2018-07-16,29.466019,29.466019,29.077669,29.077669,45381.0
2018-07-17,29.126213,29.126213,29.029125,29.077669,21939.0
2018-07-18,29.126213,29.126213,28.932037,29.126213,36060.0
2018-07-19,28.980581,29.126213,28.932037,29.126213,63860.0
2018-07-20,29.126213,29.174757,28.786407,29.077669,59740.0
2018-07-23,29.126213,29.126213,28.834951,29.126213,19570.0
2018-07-24,30.776699,30.776699,29.126213,29.126213,81400.0
2018-07-25,29.61165,29.61165,29.126213,29.563107,7364.0
2018-07-26,29.126213,29.320389,29.029125,29.126213,13390.0
2018-07-27,29.126213,29.271845,29.077669,29.077669,11536.0
2018-07-30,29.854368,30.582523,29.271845,30.194174,79779.0
2018-07-31,30.194174,30.38835,29.708736,30.097088,17673.0
2018-08-01,29.708736,30.097088,29.514563,30.097088,14450.0
2018-08-02,29.466019,30.097088,29.320389,29.854368,42313.0
2018-08-03,29.854368,29.854368,29.854368,29.854368,3359.0
2018-08-06,29.854368,30.0,29.466019,29.466019,13544.0
2018-08-07,29.466019,29.466019,29.417475,29.417475,6180.0
2018-08-08,29.320389,29.320389,29.126213,29.126213,39348.0
2018-08-09,29.708736,29.708736,28.932037,28.932037,38898.0
2018-08-10,29.320389,29.320389,28.834951,29.126213,26852.0
2018-08-13,28.30097,28.640776,27.669903,27.766991,51685.0
2018-08-14,28.592234,28.640776,27.912621,28.54369,131840.0
2018-08-15,28.54369,28.54369,27.669903,28.54369,131932.0
2018-08-16,28.54369,29.029125,26.45631,26.45631,427678.0
2018-08-17,26.213593,26.553398,25.291262,26.359222,440129.0
2018-08-20,26.262135,26.262135,25.825241,26.067961,23793.0
2018-08-21,26.310678,26.310678,26.067961,26.213593,10443.0
2018-08-22,25.922331,26.116505,25.825241,25.873787,30107.0
2018-08-23,26.213593,26.213593,25.922331,26.213593,24328.0
2018-08-24,26.359222,26.359222,26.019417,26.213593,20600.0
2018-08-27,26.213593,26.407766,26.116505,26.407766,56767.0
2018-08-28,26.407766,26.69903,26.165049,26.213593,49440.0
2018-08-29,26.213593,26.262135,26.213593,26.262135,33114.0
2018-08-30,26.213593,26.45631,26.213593,26.45631,7135.0
2018-08-31,26.45631,26.60194,26.407766,26.504854,40386.0
2018-09-03,26.504854,26.69903,26.019417,26.504854,31003.0
2018-09-04,26.116505,26.504854,26.116505,26.116505,6241.0
2018-09-05,26.213593,26.213593,26.019417,26.019417,5180.0
2018-09-06,26.553398,26.553398,25.970873,26.359222,21704.0
2018-09-07,26.990292,26.990292,26.213593,26.504854,20644.0
2018-09-10,25.825241,26.213593,25.825241,26.213593,3120.0
2018-09-11,25.873787,25.873787,25.242718,25.38835,75344.0
2018-09-12,25.339806,25.38835,25.097088,25.242718,25750.0
2018-09-13,25.097088,25.097088,24.75728,24.75728,78418.0
2018-09-14,24.417475,25.436893,24.417475,25.242718,50208.0
2018-09-17,25.436893,25.436893,25.339806,25.339806,6241.0
2018-09-18,25.38835,25.38835,25.097088,25.242718,10300.0
2018-09-19,25.097088,25.631067,25.048544,25.339806,10300.0
2018-09-20,25.0,25.242718,24.951456,25.242718,6210.0
2018-09-21,25.0,25.485435,24.951456,24.951456,17602.0
2018-09-25,24.854368,25.631067,24.660194,25.582523,44382.0
2018-09-26,25.533979,25.825241,25.533979,25.728155,12632.0
2018-09-27,25.291262,25.679611,25.242718,25.679611,12360.0
2018-09-28,25.825241,25.825241,25.291262,25.825241,25750.0
2018-10-01,27.135921,27.184465,26.019417,26.019417,16545.0
2018-10-02,25.873787,26.407766,25.825241,26.310678,19570.0
2018-10-03,26.407766,28.883495,26.116505,26.407766,138028.0
2018-10-04,27.572815,27.572815,26.45631,26.504854,26893.0
2018-10-05,27.087378,27.184465,25.728155,26.213593,40653.0
2018-10-08,25.825241,25.970873,25.631067,25.873787,12844.0
2018-10-09,26.213593,26.213593,24.854368,26.116505,36111.0
2018-10-11,25.194174,25.825241,23.54369,23.54369,159648.0
2018-10-12,23.54369,24.708736,23.495146,24.077669,41200.0
2018-10-15,24.563107,24.563107,23.786407,23.786407,10300.0
2018-10-16,23.883495,23.980581,23.786407,23.786407,19570.0
2018-10-17,24.271845,24.320389,23.932037,23.932037,7471.0
2018-10-18,23.932037,24.174757,23.932037,23.932037,4175.0
2018-10-19,24.126213,24.126213,24.126213,24.126213,1030.0
2018-10-22,24.077669,24.126213,23.834951,23.883495,9433.0
2018-10-23,23.786407,23.883495,23.349514,23.640776,21722.0
2018-10-24,22.524271,23.834951,22.524271,23.737864,13390.0
2018-10-25,22.815533,23.737864,22.572815,23.737864,39170.0
2018-10-26,23.106796,23.592234,23.058252,23.058252,18540.0
2018-10-29,23.30097,23.446602,22.766991,23.398058,32022.0
2018-10-30,23.30097,23.68932,23.106796,23.30097,17852.0
2018-10-31,23.495146,23.495146,23.30097,23.446602,6180.0
2018-11-01,24.029125,24.854368,23.495146,24.077669,23690.0
2018-11-02,24.660194,24.660194,23.883495,24.029125,40170.0
2018-11-05,24.271845,24.271845,23.932037,24.077669,8240.0
2018-11-06,23.980581,24.271845,23.786407,24.174757,12844.0
2018-11-07,24.077669,24.563107,23.980581,24.320389,5180.0
2018-11-08,24.077669,25.048544,24.077669,24.61165,19570.0
2018-11-09,24.75728,24.75728,24.271845,24.660194,10578.0
2018-11-12,24.660194,24.660194,24.126213,24.563107,5491.0
2018-11-13,23.932037,24.271845,23.786407,24.077669,14420.0
2018-11-14,24.368933,24.368933,23.737864,24.271845,37080.0
2018-11-15,24.75728,24.75728,23.932037,24.660194,36235.0
2018-11-16,24.660194,25.436893,24.660194,25.242718,26965.0
2018-11-19,25.533979,25.533979,25.533979,25.533979,3358.0
2018-11-20,25.776699,25.776699,24.854368,25.436893,16551.0
2018-11-21,25.728155,26.213593,24.854368,25.242718,55620.0
2018-11-22,24.902912,26.165049,24.75728,26.019417,71173.0
2018-11-23,26.213593,26.213593,25.38835,25.825241,17510.0
2018-11-26,25.922331,26.310678,25.922331,26.310678,3090.0
2018-11-27,25.873787,26.213593,25.825241,26.165049,23690.0
2018-11-28,26.60194,26.796116,25.242718,25.922331,147320.0
2018-11-29,26.359222,26.359222,25.631067,26.213593,25750.0
2018-11-30,26.165049,26.165049,25.582523,25.582523,23918.0
2018-12-03,26.213593,27.087378,25.825241,26.213593,36347.0
2018-12-04,26.504854,26.504854,26.407766,26.407766,21784.0
2018-12-05,25.825241,26.310678,25.533979,26.165049,82503.0
2018-12-06,25.631067,26.019417,25.436893,25.825241,44290.0
2018-12-07,26.067961,26.213593,25.631067,25.728155,16480.0
2018-12-10,25.922331,26.019417,25.728155,25.728155,22660.0
2018-12-11,26.213593,26.213593,25.582523,25.679611,21630.0
2018-12-12,25.679611,25.679611,25.631067,25.631067,21092.0
2018-12-13,25.776699,25.873787,25.728155,25.728155,4181.0
2018-12-14,25.436893,25.728155,25.436893,25.631067,8332.0
2018-12-17,25.631067,25.631067,25.436893,25.485435,21630.0
2018-12-18,25.436893,26.019417,25.436893,25.970873,49440.0
2018-12-19,25.776699,26.504854,25.533979,25.873787,58740.0
2018-12-20,26.262135,26.262135,25.38835,25.38835,44290.0
2018-12-21,25.728155,26.213593,25.436893,25.873787,28840.0
2018-12-24,25.970873,25.970873,25.38835,25.485435,67980.0
2018-12-25,25.485435,25.582523,25.097088,25.242718,147290.0
2018-12-26,25.631067,25.631067,25.097088,25.339806,100940.0
2018-12-27,26.310678,26.504854,25.679611,25.970873,42353.0
2018-12-28,25.970873,26.359222,25.097088,25.145632,113303.0
2019-01-02,25.436893,26.213593,25.436893,26.116505,94060.0
2019-01-03,25.679611,26.213593,25.679611,26.165049,147382.0
2019-01-04,26.019417,28.737864,25.776699,28.058252,413261.0
2019-01-07,28.495146,28.495146,27.087378,27.475727,428162.0
2019-01-08,28.252426,29.902912,27.815533,28.398058,1642979.0
2019-01-09,28.446602,28.640776,27.330097,27.572815,334850.0
2019-01-10,27.766991,27.912621,26.84466,27.330097,247200.0
2019-01-11,27.330097,27.766991,26.747572,26.796116,148320.0
2019-01-14,26.796116,27.475727,26.504854,27.184465,138081.0
2019-01-15,27.475727,27.475727,26.941748,26.941748,97905.0
2019-01-16,26.941748,27.135921,26.796116,26.941748,93804.0
2019-01-17,27.135921,27.427183,26.893204,27.184465,87756.0
2019-01-18,27.378639,27.378639,26.941748,26.941748,87294.0
2019-01-21,27.184465,27.184465,26.990292,27.038834,98880.0
2019-01-22,27.087378,27.184465,27.038834,27.184465,73191.0
2019-01-23,27.184465,27.281553,27.038834,27.233009,73160.0
2019-01-24,27.087378,27.475727,26.990292,27.475727,138020.0
2019-01-25,27.330097,27.864077,27.184465,27.864077,161957.0
2019-01-28,27.766991,28.106796,27.669903,28.106796,84813.0
2019-01-29,27.718447,28.155338,27.718447,28.058252,55620.0
2019-01-30,27.864077,28.155338,27.718447,27.961164,136034.0
2019-02-11,28.106796,28.640776,27.766991,28.54369,131943.0
2019-02-12,28.54369,28.640776,28.155338,28.203882,77404.0
2019-02-13,28.54369,28.54369,28.155338,28.349514,56736.0
2019-02-14,28.155338,28.54369,28.155338,28.398058,32539.0
2019-02-15,28.155338,28.592234,27.912621,28.30097,121632.0
2019-02-18,28.592234,28.592234,28.058252,28.446602,91803.0
2019-02-19,28.203882,28.640776,28.155338,28.592234,118480.0
2019-02-20,28.398058,29.223301,28.349514,29.174757,210515.0
2019-02-21,29.174757,29.466019,28.932037,28.932037,106111.0
2019-02-22,28.932037,29.174757,28.883495,29.126213,56135.0
2019-02-25,29.174757,29.320389,28.834951,29.223301,80341.0
2019-02-26,29.223301,29.320389,29.126213,29.174757,69010.0
2019-02-27,29.320389,29.61165,29.223301,29.271845,84737.0
2019-03-04,29.320389,29.514563,29.126213,29.417475,40170.0
2019-03-05,29.126213,29.514563,29.029125,29.417475,134930.0
2019-03-06,29.417475,29.514563,29.223301,29.368933,46473.0
2019-03-07,29.368933,29.417475,28.932037,29.223301,120510.0
2019-03-08,28.980581,29.854368,28.932037,29.805824,150502.0
2019-03-11,29.514563,29.902912,29.320389,29.514563,67222.0
2019-03-12,29.368933,29.61165,29.368933,29.514563,35020.0
2019-03-13,29.61165,30.776699,29.61165,30.194174,106265.0
2019-03-14,30.485435,30.485435,29.951456,30.097088,41200.0
2019-03-15,30.242718,30.485435,29.902912,30.291262,118465.0
2019-03-18,30.485435,30.582523,29.805824,29.805824,192817.0
2019-03-19,30.242718,30.582523,29.951456,30.485435,137169.0
2019-03-20,30.533979,31.262135,30.485435,31.262135,313132.0
2019-03-21,31.45631,31.84466,30.825241,31.84466,221437.0
2019-03-22,31.84466,32.330097,31.84466,32.038834,174205.0
2019-03-25,31.893204,32.135921,31.45631,32.038834,136990.0
2019-03-26,32.233009,32.281551,31.69903,31.84466,84460.0
2019-03-27,32.087379,32.087379,31.553398,31.69903,47750.0
2019-03-28,31.407766,31.84466,30.631067,31.84466,121694.0
2019-03-29,31.796116,31.796116,31.359222,31.650484,28201.0
2019-04-01,31.796116,31.796116,31.116505,31.45631,61382.0
2019-04-02,31.213593,31.747572,31.165049,31.69903,95416.0
2019-04-03,31.553398,32.475727,31.116505,32.184467,171846.0
2019-04-08,31.893204,32.135921,31.69903,32.038834,136622.0
2019-04-09,32.038834,32.864079,31.650484,32.087379,228660.0
2019-04-10,32.135921,32.621361,32.038834,32.038834,71555.0
2019-04-11,32.233009,32.766991,32.135921,32.718445,217972.0
2019-04-12,32.766991,33.39806,32.766991,32.961166,160082.0
2019-04-15,33.203884,34.902912,33.203884,34.757282,391893.0
2019-04-16,34.854366,35.339806,34.660194,35.048542,279146.0
2019-04-17,35.291264,35.922329,35.242718,35.825241,263165.0
2019-04-18,35.970875,37.184467,35.970875,36.650486,516753.0
2019-04-19,36.699028,37.475727,36.45631,36.504852,474643.0
2019-04-22,36.504852,36.699028,36.067963,36.213593,291254.0
2019-04-23,36.504852,36.941746,35.970875,36.844662,290064.0
2019-04-24,37.281551,37.281551,36.359222,36.893204,240538.0
2019-04-25,37.184467,37.184467,36.60194,36.60194,190993.0
2019-04-26,36.60194,36.747574,35.922329,36.213593,191580.0
2019-04-29,36.213593,36.553398,35.970875,36.262135,101041.0
2019-04-30,35.970875,36.407764,35.922329,36.407764,116544.0
2019-05-02,36.213593,36.504852,35.922329,35.970875,171691.0
2019-05-03,35.970875,36.407764,35.970875,36.165047,187692.0
2019-05-06,36.213593,36.213593,35.873787,35.873787,175248.0
2019-05-07,36.067963,37.087379,35.970875,36.019417,322513.0
2019-05-08,35.922329,36.359222,35.728153,35.922329,51114.0
2019-05-09,36.407764,36.504852,35.873787,36.407764,128554.0
2019-05-10,36.31068,36.553398,35.922329,36.504852,69514.0
2019-05-13,36.45631,36.45631,34.466019,35.873787,164925.0
2019-05-14,34.563107,35.485435,34.466019,35.291264,93730.0
2019-05-15,35.339806,36.213593,35.339806,35.922329,74386.0
2019-05-16,36.116505,36.407764,35.776699,35.970875,101974.0
2019-05-17,36.359222,36.359222,35.631065,36.213593,99244.0
2019-05-20,35.922329,35.922329,35.194176,35.194176,217423.0
2019-05-21,35.048542,35.728153,34.757282,35.728153,227781.0
2019-05-22,35.922329,35.922329,35.14563,35.582523,119480.0
2019-05-23,35.388348,36.504852,35.194176,35.825241,133912.0
2019-05-24,35.631065,36.699028,35.631065,36.31068,140333.0
2019-05-27,36.019417,36.699028,36.019417,36.213593,62830.0
2019-05-28,36.60194,36.60194,36.019417,36.31068,33021.0
2019-05-29,36.407764,36.553398,36.116505,36.359222,77280.0
2019-05-30,36.504852,36.747574,36.407764,36.747574,131161.0
2019-05-31,36.893204,37.184467,36.407764,36.407764,143170.0
2019-06-03,36.116505,36.844662,36.019417,36.504852,78310.0
2019-06-04,36.990292,36.990292,36.213593,36.31068,76220.0
2019-06-05,36.747574,36.893204,36.262135,36.650486,43033.0
2019-06-06,36.796116,36.796116,36.262135,36.650486,47721.0
2019-06-10,36.844662,37.038834,36.407764,37.038834,200821.0
2019-06-11,37.378639,38.495144,37.038834,37.669903,351938.0
2019-06-12,37.669903,37.766991,37.233009,37.621361,63916.0
2019-06-13,37.621361,37.669903,37.038834,37.572815,69102.0
2019-06-14,37.669903,37.864079,37.135921,37.864079,74068.0
2019-06-17,37.815533,37.815533,36.893204,36.893204,112053.0
2019-06-18,36.941746,37.378639,36.699028,37.184467,52926.0
2019-06-19,37.378639,37.378639,36.650486,37.135921,132046.0
2019-06-20,37.184467,37.281551,36.844662,36.893204,75645.0
2019-06-21,36.893204,37.281551,36.796116,37.281551,38776.0
2019-06-24,36.650486,36.941746,36.650486,36.941746,65162.0
2019-06-25,37.281551,37.281551,36.796116,36.893204,61985.0
2019-06-26,36.699028,36.844662,36.60194,36.844662,37136.0
2019-06-27,37.184467,37.233009,36.796116,36.941746,29870.0
2019-06-28,37.184467,37.184467,36.553398,36.844662,47546.0
2019-07-01,36.990292,37.135921,36.699028,36.699028,66950.0
2019-07-02,36.844662,36.844662,36.31068,36.504852,91917.0
2019-07-03,36.553398,36.650486,35.970875,36.262135,263680.0
2019-07-04,36.699028,37.087379,36.213593,36.60194,154500.0
2019-07-05,36.893204,36.893204,36.504852,36.893204,81370.0
2019-07-08,36.893204,37.864079,36.650486,37.864079,261620.0
2019-07-09,35.679611,35.922329,35.436893,35.922329,124630.0
2019-07-10,36.019417,36.60194,36.019417,36.504852,142140.0
2019-07-11,37.864079,40.14563,37.718445,40.14563,1623325.0
2019-07-12,41.116505,43.203884,40.388348,40.485435,1519856.0
2019-07-15,40.582523,40.873787,40.194176,40.582523,347163.0
2019-07-16,41.165047,41.45631,40.097088,40.242718,303440.0
2019-07-17,40.339806,40.679611,39.902912,40.194176,294271.0
2019-07-18,40.0,40.291264,39.417477,39.417477,293012.0
2019-07-19,39.466019,39.902912,39.466019,39.902912,371263.0
2019-07-22,39.902912,40.242718,39.320389,40.242718,261856.0
2019-07-23,40.436893,40.631065,40.0,40.582523,230125.0
2019-07-24,40.776699,42.961166,40.776699,41.893204,745871.0
2019-07-25,42.330097,42.621361,41.31068,41.407764,250660.0
2019-07-26,41.747574,41.747574,40.922329,41.262135,186750.0
2019-07-29,41.31068,41.504852,40.825241,41.407764,105781.0
2019-07-30,41.45631,41.504852,38.640778,40.14563,612005.0
2019-07-31,40.0,40.339806,39.223301,40.194176,218524.0
2019-08-01,40.582523,40.582523,39.223301,39.660194,167962.0
2019-08-02,39.271843,39.708736,38.834949,39.708736,177036.0
2019-08-05,39.417477,39.805824,39.077667,39.077667,142366.0
2019-08-06,37.864079,39.271843,37.766991,39.271843,175306.0
2019-08-07,39.320389,40.14563,39.077667,39.417477,115452.0
2019-08-08,39.757282,40.970875,39.514565,40.970875,206123.0
2019-08-12,40.970875,41.553398,40.776699,40.873787,339395.0
2019-08-13,41.650486,41.650486,40.339806,40.339806,364023.0
2019-08-14,40.679611,42.087379,40.582523,41.407764,711215.0
2019-08-15,40.776699,40.776699,40.097088,40.533981,265019.0
2019-08-16,41.067963,41.067963,40.339806,40.339806,151440.0
2019-08-19,40.776699,40.873787,40.291264,40.485435,99422.0
2019-08-20,40.485435,41.407764,40.485435,40.873787,338210.0
2019-08-21,41.165047,41.165047,40.485435,40.873787,159016.0
2019-08-22,40.970875,44.902912,40.631065,44.902912,2701753.0
2019-08-23,44.417477,44.660194,42.524269,44.660194,2048019.0
2019-08-26,44.660194,45.097088,43.252426,45.097088,1061568.0
2019-08-27,45.728153,46.504852,43.68932,45.0,2469078.0
2019-08-28,45.825241,46.359222,43.68932,43.68932,3231540.0
2019-08-29,43.786407,44.174755,42.718445,42.815533,748808.0
2019-08-30,43.155338,43.68932,42.815533,42.864079,405831.0
2019-09-02,42.912621,43.592232,42.815533,42.815533,267861.0
2019-09-03,42.815533,43.495144,42.815533,42.864079,403914.0
2019-09-04,42.912621,43.106796,42.475727,42.524269,560548.0
2019-09-05,42.718445,43.54369,42.572815,43.252426,657807.0
2019-09-06,43.54369,43.592232,42.912621,43.009708,273629.0
2019-09-10,43.300968,43.300968,42.621361,42.621361,167076.0
2019-09-11,43.786407,43.786407,42.864079,43.203884,402442.0
2019-09-12,43.39806,43.592232,43.009708,43.39806,248080.0
2019-09-16,43.39806,43.68932,43.009708,43.349514,157592.0
2019-09-17,43.349514,43.446602,42.912621,42.912621,130218.0
2019-09-18,42.912621,43.203884,41.067963,41.116505,528799.0
2019-09-19,41.262135,41.504852,40.631065,40.776699,309601.0
2019-09-20,40.825241,41.165047,40.679611,41.067963,146260.0
2019-09-23,41.067963,41.844662,40.776699,41.553398,204970.0
2019-09-24,41.990292,41.990292,41.407764,41.504852,147521.0
2019-09-25,41.504852,41.504852,40.679611,41.165047,145769.0
2019-09-26,41.165047,41.262135,39.805824,40.194176,215471.0
2019-09-27,40.582523,40.776699,39.563107,39.660194,188816.0
2019-10-01,39.660194,39.854366,38.932037,39.417477,225434.0
2019-10-02,39.320389,39.417477,38.932037,39.271843,94883.0
2019-10-03,38.68932,39.174755,38.446602,39.126213,103032.0
2019-10-04,39.126213,41.213593,39.126213,40.485435,340108.0
2019-10-07,40.679611,40.776699,39.563107,39.708736,353908.0
2019-10-08,39.611649,39.611649,38.883495,39.223301,363050.0
2019-10-09,38.980583,39.320389,38.737865,39.126213,397719.0
2019-10-14,36.699028,37.281551,35.436893,35.970875,1025941.0
2019-10-15,36.019417,36.844662,35.922329,36.407764,340116.0
2019-10-16,36.990292,36.990292,36.407764,36.553398,91275.0
2019-10-17,36.893204,36.990292,36.650486,36.796116,85103.0
2019-10-18,37.281551,37.281551,36.893204,37.184467,124939.0
2019-10-21,37.281551,38.349514,37.281551,38.252426,257592.0
2019-10-22,38.446602,40.485435,38.252426,39.029125,383199.0
2019-10-23,39.320389,39.320389,38.349514,38.834949,92973.0
2019-10-24,38.834949,38.834949,38.446602,38.737865,37134.0
2019-10-25,38.834949,38.834949,38.495144,38.54369,68678.0
2019-10-28,38.834949,38.834949,38.640778,38.68932,35226.0
2019-10-29,39.223301,39.757282,38.640778,38.932037,76281.0
2019-10-30,39.563107,39.563107,37.912621,38.834949,172010.0
2019-10-31,38.786407,38.786407,38.252426,38.39806,68083.0
2019-11-01,38.68932,38.786407,38.009708,38.495144,154500.0
2019-11-04,38.834949,38.932037,38.05825,38.05825,165830.0
2019-11-05,37.961166,38.834949,37.912621,38.834949,159650.0
2019-11-06,39.029125,39.223301,38.009708,38.68932,133900.0
2019-11-07,38.155338,38.446602,38.009708,38.446602,40170.0
2019-11-08,38.446602,38.446602,38.106796,38.349514,41406.0
2019-11-11,39.805824,40.0,38.252426,38.252426,490280.0
2019-11-12,38.446602,38.737865,38.252426,38.300968,103000.0
2019-11-13,38.446602,38.495144,38.106796,38.252426,84460.0
2019-11-14,38.737865,39.029125,38.54369,38.980583,168920.0
2019-11-15,38.980583,39.417477,38.737865,39.174755,142294.0
2019-11-18,39.563107,39.563107,38.834949,38.883495,117420.0
2019-11-19,39.174755,39.174755,38.68932,38.834949,144200.0
2019-11-20,38.883495,38.883495,38.009708,38.640778,135960.0
2019-11-21,38.54369,38.54369,38.009708,38.349514,117420.0
2019-11-22,38.349514,38.349514,37.961166,37.961166,62830.0
2019-11-25,37.961166,38.155338,37.669903,38.009708,51500.0
2019-11-26,38.009708,38.300968,37.864079,38.155338,69010.0
2019-11-27,38.05825,38.54369,38.05825,38.300968,86520.0
2019-11-28,38.349514,38.640778,38.300968,38.446602,61800.0
2019-11-29,38.54369,38.834949,38.155338,38.834949,104689.0
2019-12-02,38.834949,39.077667,38.155338,38.203884,77250.0
2019-12-03,37.961166,38.155338,37.766991,37.864079,85490.0
2019-12-04,38.05825,38.446602,37.815533,38.446602,67980.0
2019-12-05,38.640778,38.737865,38.349514,38.349514,18540.0
2019-12-06,38.349514,38.54369,38.106796,38.349514,83471.0
2019-12-09,38.155338,38.252426,38.05825,38.252426,70040.0
2019-12-10,38.592232,38.592232,37.864079,38.252426,88580.0
2019-12-11,37.475727,37.718445,37.184467,37.281551,244110.0
2019-12-12,37.281551,37.766991,36.699028,37.766991,251320.0
2019-12-13,37.621361,37.669903,36.553398,36.553398,132087.0
2019-12-16,36.650486,37.281551,36.262135,36.893204,175100.0
2019-12-17,37.038834,37.281551,36.407764,37.087379,138020.0
2019-12-18,37.135921,37.184467,36.796116,36.796116,36050.0
2019-12-19,36.844662,36.893204,36.60194,36.844662,63860.0
2019-12-20,36.844662,36.844662,36.650486,36.699028,38167.0
2019-12-23,36.747574,37.135921,36.699028,37.038834,53560.0
2019-12-24,37.184467,37.184467,36.504852,36.747574,96820.0
2019-12-25,36.650486,36.699028,36.45631,36.699028,65920.0
2019-12-26,36.699028,36.796116,36.262135,36.262135,98880.0
2019-12-27,36.407764,36.990292,36.407764,36.893204,140080.0
2019-12-30,36.990292,37.766991,36.990292,37.427185,197760.0
2019-12-31,37.135921,37.864079,37.135921,37.427185,207060.0
2020-01-02,37.572815,37.815533,37.378639,37.524269,43260.0
2020-01-03,37.572815,38.349514,37.475727,38.009708,311060.0
2020-01-06,38.106796,38.252426,37.864079,38.155338,127720.0
2020-01-07,38.155338,38.349514,37.669903,37.864079,236900.0
2020-01-08,37.669903,38.009708,37.572815,37.815533,131840.0
2020-01-09,37.912621,38.834949,37.912621,38.54369,337840.0
2020-01-10,39.805824,40.048542,38.640778,38.786407,1346210.0
2020-01-13,39.029125,39.029125,38.05825,38.39806,245140.0
2020-01-14,38.446602,38.834949,38.155338,38.39806,131840.0
2020-01-15,38.300968,38.349514,37.864079,37.864079,172010.0
2020-01-16,37.864079,38.009708,37.427185,37.766991,149350.0
2020-01-17,37.912621,38.932037,37.912621,38.640778,208214.0
2020-01-20,39.029125,39.029125,38.300968,38.300968,183443.0
2020-01-30,36.359222,36.796116,35.436893,36.407764,216300.0
2020-01-31,36.359222,36.893204,35.436893,36.650486,199099.0
2020-02-03,35.194176,35.873787,34.951454,35.436893,135960.0
2020-02-04,35.582523,36.213593,35.533981,36.116505,92700.0
2020-02-05,35.533981,36.699028,35.339806,35.825241,66950.0
2020-02-06,36.116505,36.699028,35.970875,36.699028,225570.0
2020-02-07,36.359222,36.504852,35.825241,35.825241,83430.0
2020-02-10,35.242718,35.728153,35.14563,35.436893,58711.0
2020-02-11,35.436893,35.728153,35.242718,35.631065,115360.0
2020-02-12,35.825241,35.922329,35.728153,35.776699,64890.0
2020-02-13,35.970875,37.233009,35.825241,36.262135,165830.0
2020-02-14,36.407764,36.407764,35.922329,35.970875,40427.0
2020-02-17,35.825241,35.825241,35.436893,35.436893,61800.0
2020-02-18,35.533981,35.533981,35.388348,35.388348,25750.0
2020-02-19,35.388348,35.728153,35.339806,35.728153,45320.0
2020-02-20,36.213593,36.650486,35.582523,35.582523,58710.0
2020-02-21,36.019417,36.019417,35.436893,35.873787,50470.0
2020-02-24,35.436893,35.873787,35.436893,35.631065,19570.0
2020-02-25,34.660194,35.436893,34.660194,35.097088,108150.0
2020-02-26,34.708736,34.902912,34.708736,34.708736,69010.0
2020-02-27,34.805824,34.951454,34.029125,34.271843,155530.0
2020-03-02,32.427185,34.126213,32.427185,32.864079,281190.0
2020-03-03,33.39806,33.495144,32.961166,33.252426,110210.0
2020-03-04,33.495144,33.495144,32.815533,33.106796,70040.0
2020-03-05,34.563107,34.660194,33.300968,33.640778,92700.0
2020-03-06,33.446602,33.446602,33.009708,33.203884,75190.0
2020-03-09,33.106796,33.349514,32.718445,33.009708,86520.0
2020-03-10,32.330097,33.446602,32.038834,33.446602,168920.0
2020-03-11,32.912621,33.349514,32.815533,32.815533,32960.0
2020-03-12,32.233009,32.233009,30.097088,30.291262,315180.0
2020-03-13,30.291262,30.291262,30.291262,30.291262,0.0
2020-03-16,29.126213,29.126213,28.106796,28.446602,152440.0
2020-03-17,26.310678,27.475727,26.310678,26.990292,222480.0
2020-03-18,27.475727,27.475727,26.60194,26.990292,118450.0
2020-03-19,27.135921,27.135921,24.320389,24.708736,550020.0
2020-03-20,24.708736,26.990292,24.708736,26.747572,218360.0
2020-03-23,26.213593,26.407766,25.776699,26.407766,73130.0
2020-03-24,26.84466,27.524271,26.84466,27.233009,151410.0
2020-03-25,28.009708,28.106796,27.669903,27.815533,131840.0
2020-03-26,27.815533,28.932037,27.766991,28.834951,88580.0
2020-03-27,29.126213,29.126213,28.30097,28.54369,119480.0
2020-03-30,28.349514,28.446602,28.252426,28.446602,51500.0
2020-03-31,29.029125,29.029125,28.349514,28.54369,131840.0
2020-04-01,28.54369,29.126213,28.54369,29.029125,67980.0
2020-04-06,29.75728,31.893204,29.417475,31.650484,419210.0
2020-04-07,32.038834,33.203884,31.941748,32.038834,297670.0
2020-04-08,32.038834,32.669903,31.69903,32.475727,145230.0
2020-04-09,32.815533,32.815533,32.038834,32.233009,148320.0
2020-04-10,32.621361,32.621361,32.135921,32.135921,98880.0
2020-04-13,31.747572,31.747572,30.970873,31.165049,264710.0
2020-04-14,31.067961,31.359222,30.970873,31.359222,107120.0
2020-04-15,31.45631,31.45631,31.116505,31.359222,101970.0
2020-04-16,31.359222,31.407766,31.262135,31.359222,59740.0
2020-04-17,31.45631,31.893204,31.45631,31.747572,114330.0
2020-04-20,31.553398,31.796116,31.45631,31.69903,76220.0
2020-04-21,31.69903,31.69903,30.825241,31.262135,116390.0
2020-04-22,31.067961,31.067961,30.631067,31.019417,92700.0
2020-04-23,31.310678,31.310678,30.728155,31.067961,26780.0
2020-04-24,31.067961,31.310678,30.776699,31.116505,84460.0
2020-04-27,31.067961,31.262135,31.067961,31.213593,51500.0
2020-04-28,31.262135,31.941748,31.213593,31.84466,203940.0
2020-04-29,32.135921,32.427185,31.84466,31.941748,176130.0
2020-04-30,32.281551,32.330097,31.941748,32.184467,183340.0
2020-05-04,31.84466,32.378639,31.796116,32.281551,103000.0
2020-05-05,32.427185,32.815533,31.941748,32.281551,139050.0
2020-05-06,32.281551,32.572815,31.990292,32.135921,129780.0
2020-05-07,31.990292,32.961166,31.84466,32.718445,181280.0
2020-05-08,32.912621,33.203884,32.135921,32.475727,89610.0
2020-05-11,32.038834,32.718445,32.038834,32.135921,97850.0
2020-05-12,32.135921,32.135921,31.747572,31.941748,95790.0
2020-05-13,31.941748,32.330097,31.796116,32.427185,81370.0
2020-05-14,32.087379,32.281551,31.45631,31.893204,168920.0
2020-05-15,31.69903,31.84466,30.776699,31.067961,149350.0
2020-05-18,30.873787,31.019417,30.679611,30.728155,82400.0
2020-05-19,31.359222,31.359222,30.582523,31.019417,59740.0
2020-05-20,30.776699,30.970873,30.631067,30.728155,38110.0
2020-05-21,30.776699,30.825241,30.728155,30.776699,32960.0
2020-05-22,30.728155,30.728155,30.582523,30.631067,83430.0
2020-05-25,30.679611,30.970873,30.679611,30.970873,26780.0
2020-05-26,31.067961,31.067961,30.970873,31.019417,25750.0
2020-05-27,31.067961,31.067961,30.970873,31.067961,27810.0
2020-05-28,31.067961,31.067961,30.776699,30.970873,51500.0
2020-05-29,30.970873,30.970873,30.873787,30.970873,25750.0
2020-06-01,30.970873,31.019417,30.873787,30.873787,69010.0
2020-06-02,30.970873,31.019417,30.873787,30.970873,63860.0
2020-06-03,31.019417,32.038834,31.019417,31.941748,222480.0
2020-06-04,32.233009,32.621361,31.747572,32.524269,203940.0
2020-06-05,32.427185,32.815533,32.087379,32.815533,128750.0
2020-06-08,32.815533,32.912621,32.233009,32.718445,219390.0
2020-06-09,32.621361,33.009708,32.475727,32.524269,92700.0
2020-06-10,32.718445,32.718445,31.990292,32.233009,120510.0
2020-06-11,31.84466,31.990292,31.60194,31.650484,58710.0
2020-06-12,30.679611,31.553398,30.291262,30.776699,431570.0
2020-06-15,30.825241,30.825241,30.291262,30.38835,115360.0
2020-06-16,30.582523,30.631067,30.242718,30.631067,213210.0
2020-06-17,30.631067,30.679611,30.533979,30.679611,109180.0
2020-06-18,31.019417,31.019417,30.776699,30.970873,79310.0
2020-06-19,31.067961,34.029125,30.970873,33.932037,1343120.0
2020-06-22,33.300968,34.174755,33.009708,33.155338,972320.0
2020-06-23,33.203884,33.300968,32.038834,32.087379,503670.0
2020-06-24,32.330097,32.912621,32.330097,32.524269,119480.0
2020-06-29,32.524269,32.524269,32.038834,32.135921,175100.0
2020-06-30,32.815533,32.815533,32.378639,32.427185,174070.0
2020-07-01,32.621361,32.621361,32.330097,32.427185,425390.0
2020-07-02,30.0,30.776699,29.951456,30.582523,221450.0
2020-07-03,30.582523,30.582523,30.097088,30.097088,192610.0
2020-07-06,30.291262,30.436893,30.145632,30.194174,191580.0
2020-07-07,30.436893,30.436893,29.902912,30.097088,144200.0
2020-07-08,30.291262,30.436893,29.951456,30.194174,143170.0
2020-07-09,30.436893,30.679611,30.097088,30.533979,94760.0
2020-07-10,30.582523,30.582523,29.223301,29.75728,184370.0
2020-07-13,29.854368,29.854368,29.077669,29.077669,126690.0
2020-07-14,29.077669,29.077669,28.155338,28.252426,239990.0
2020-07-15,28.495146,28.495146,27.961164,28.009708,112270.0
2020-07-16,28.058252,28.155338,27.572815,27.961164,110210.0
2020-07-17,28.106796,28.106796,27.427183,27.572815,75190.0
2020-07-20,27.475727,27.864077,27.475727,27.669903,52530.0
2020-07-21,28.106796,28.106796,27.766991,27.961164,53560.0
2020-07-22,28.058252,28.203882,28.009708,28.106796,46350.0
2020-07-23,28.786407,28.786407,28.155338,28.252426,58710.0
2020-07-24,28.252426,28.252426,27.718447,27.766991,49440.0
2020-07-27,27.766991,29.61165,27.281553,29.320389,340930.0
2020-07-28,29.320389,29.320389,27.378639,27.378639,492340.0
2020-07-29,27.378639,27.766991,27.378639,27.766991,47380.0
2020-07-30,27.766991,28.058252,27.766991,27.864077,53560.0
2020-07-31,27.864077,27.864077,27.621359,27.766991,52530.0
2020-08-03,27.718447,27.718447,27.475727,27.475727,54590.0
2020-08-04,27.572815,27.766991,27.475727,27.572815,27810.0
2020-08-05,27.864077,28.058252,27.766991,28.058252,79310.0
2020-08-06,28.155338,28.252426,27.961164,27.961164,60770.0
2020-08-07,27.912621,27.912621,27.669903,27.669903,62830.0
2020-08-10,27.718447,27.718447,27.378639,27.524271,37080.0
2020-08-11,27.281553,27.378639,26.69903,27.281553,116390.0
2020-08-12,27.233009,27.427183,27.087378,27.233009,20600.0
2020-08-13,27.233009,27.330097,27.184465,27.233009,19570.0
2020-08-14,27.184465,27.961164,26.796116,27.961164,129780.0
2020-08-17,28.155338,28.155338,27.572815,27.669903,40170.0
2020-08-18,28.155338,28.155338,27.572815,27.766991,27810.0
2020-08-19,27.815533,27.815533,27.281553,27.378639,88580.0
2020-08-20,27.475727,27.475727,26.116505,26.262135,237930.0
2020-08-21,26.262135,26.796116,26.262135,26.69903,91670.0
2020-08-24,26.84466,28.106796,26.84466,27.184465,75190.0
2020-08-25,27.621359,27.669903,27.233009,27.475727,58710.0
2020-08-26,27.718447,27.864077,27.427183,27.427183,27810.0
2020-08-27,27.427183,27.572815,27.378639,27.427183,45320.0
2020-08-28,27.427183,27.621359,27.038834,27.378639,84460.0
2020-08-31,27.378639,27.572815,27.184465,27.233009,66950.0
2020-09-01,27.281553,27.281553,26.69903,26.990292,107120.0
2020-09-02,26.990292,28.155338,26.69903,27.766991,262650.0
2020-09-03,27.912621,27.912621,27.475727,27.621359,59740.0
2020-09-04,27.572815,27.766991,27.475727,27.766991,91670.0
2020-09-07,27.766991,27.766991,27.184465,27.475727,90640.0
2020-09-08,27.669903,29.029125,27.669903,28.349514,149350.0
2020-09-09,27.815533,28.446602,27.427183,28.446602,99910.0
2020-09-10,28.446602,28.834951,28.009708,28.155338,56650.0
2020-09-11,28.009708,28.009708,27.524271,27.669903,48410.0
2020-09-14,28.058252,28.058252,27.378639,27.815533,27810.0
2020-09-15,27.815533,27.815533,27.475727,27.815533,31930.0
2020-09-16,27.669903,27.669903,27.475727,27.621359,58710.0
2020-09-17,27.621359,27.766991,27.427183,27.427183,16480.0
2020-09-18,27.378639,27.766991,27.281553,27.718447,28840.0
2020-09-21,27.718447,27.718447,27.184465,27.378639,30900.0
2020-09-22,27.718447,27.718447,27.087378,27.330097,32960.0
2020-09-23,27.330097,27.330097,26.69903,26.893204,85490.0
2020-09-24,26.69903,26.893204,26.407766,26.407766,60770.0
2020-09-25,26.310678,26.650484,26.165049,26.213593,92700.0
2020-09-28,26.310678,26.45631,26.213593,26.407766,38110.0
2020-09-29,26.747572,26.796116,26.359222,26.407766,47380.0
2020-09-30,26.407766,26.504854,26.262135,26.407766,39140.0
2020-10-05,26.310678,26.60194,26.213593,26.359222,55620.0
2020-10-06,26.262135,26.504854,26.262135,26.45631,39140.0
2020-10-07,26.893204,26.893204,26.359222,26.69903,105060.0
2020-10-08,27.087378,27.087378,26.504854,26.69903,67980.0
2020-10-12,26.69903,27.669903,26.310678,26.747572,67980.0
2020-10-13,27.038834,27.038834,26.504854,26.650484,27810.0
2020-10-14,26.359222,26.650484,26.359222,26.650484,58710.0
2020-10-15,26.69903,26.69903,26.359222,26.650484,41200.0
2020-10-16,26.45631,26.650484,26.310678,26.359222,73130.0
2020-10-19,26.310678,27.184465,26.310678,26.553398,57680.0
2020-10-20,26.359222,26.60194,26.359222,26.60194,20600.0
2020-10-21,26.407766,26.553398,26.359222,26.553398,48410.0
2020-10-22,26.359222,26.407766,26.262135,26.407766,61800.0
2020-10-23,26.45631,26.60194,26.213593,26.60194,75190.0
2020-10-26,26.359222,26.650484,26.262135,26.553398,167890.0
2020-10-27,26.553398,26.553398,26.310678,26.504854,130810.0
2020-10-28,26.45631,26.45631,26.213593,26.45631,181280.0
2020-10-29,26.213593,26.407766,26.165049,26.310678,35020.0
2020-10-30,26.310678,26.45631,25.922331,26.310678,182310.0
2020-11-02,26.019417,26.213593,25.776699,26.213593,90640.0
2020-11-03,26.067961,27.087378,25.922331,26.69903,628300.0
2020-11-04,26.69903,27.281553,26.359222,27.087378,93730.0
2020-11-05,27.038834,27.233009,26.650484,27.087378,108150.0
2020-11-06,26.893204,27.135921,26.796116,27.087378,58710.0
2020-11-09,26.990292,27.378639,26.990292,27.184465,40170.0
2020-11-10,27.330097,27.330097,26.990292,27.135921,29870.0
2020-11-11,27.087378,27.184465,26.893204,27.184465,60770.0
2020-11-12,27.184465,27.184465,26.796116,26.990292,39140.0
2020-11-13,26.69903,27.087378,26.60194,27.087378,43260.0
2020-11-16,27.087378,27.087378,26.69903,27.087378,74160.0
2020-11-17,27.087378,27.184465,26.893204,26.893204,126690.0
2020-11-18,26.893204,27.087378,26.796116,27.038834,51500.0
2020-11-19,27.038834,27.184465,26.941748,27.184465,84460.0
2020-11-20,27.184465,27.281553,27.038834,27.233009,58710.0
2020-11-23,27.184465,27.184465,26.990292,26.990292,49440.0
2020-11-24,27.184465,27.961164,26.941748,27.766991,297670.0
2020-11-25,28.106796,28.106796,27.669903,27.669903,97850.0
2020-11-26,27.864077,28.009708,27.427183,27.912621,122570.0
2020-11-27,27.766991,28.495146,27.718447,28.155338,159650.0
2020-11-30,28.349514,28.349514,27.961164,28.058252,53560.0
2020-12-01,28.009708,28.106796,27.669903,28.106796,52530.0
2020-12-02,27.864077,28.155338,27.718447,28.106796,44290.0
2020-12-03,28.058252,28.30097,27.961164,27.961164,67980.0
2020-12-04,28.155338,28.349514,27.961164,28.252426,84460.0
2020-12-07,28.252426,28.398058,27.766991,28.155338,108150.0
2020-12-08,28.203882,28.349514,28.058252,28.252426,35020.0
2020-12-09,28.155338,29.320389,27.864077,28.30097,269860.0
2020-12-10,27.669903,28.349514,27.475727,28.349514,213210.0
2020-12-11,28.834951,28.834951,27.961164,28.349514,85490.0
2020-12-14,28.349514,28.349514,27.912621,27.912621,37080.0
2020-12-15,27.912621,28.155338,27.718447,27.864077,69010.0
2020-12-16,27.766991,28.058252,27.766991,27.912621,28840.0
2020-12-17,27.912621,28.155338,27.912621,28.058252,21630.0
2020-12-18,27.912621,28.252426,27.815533,28.203882,94760.0
2020-12-21,28.203882,28.398058,27.912621,28.203882,72100.0
2020-12-22,28.155338,28.203882,27.912621,27.912621,65920.0
2020-12-23,27.718447,28.252426,27.718447,28.252426,66950.0
2020-12-24,28.30097,29.61165,28.155338,29.029125,222480.0
2020-12-25,29.223301,29.514563,28.834951,29.126213,83430.0
2020-12-28,29.466019,29.61165,28.883495,29.126213,121540.0
2020-12-29,29.077669,29.126213,28.786407,29.029125,60770.0
2020-12-30,29.223301,29.271845,29.029125,29.126213,90640.0
2020-12-31,29.126213,29.514563,29.077669,29.223301,43260.0
2021-01-04,29.417475,31.504854,28.980581,30.873787,476890.0
2021-01-05,31.60194,31.893204,30.873787,30.970873,748810.0
2021-01-06,31.262135,31.262135,30.097088,30.485435,133900.0
2021-01-07,30.291262,30.485435,29.75728,29.902912,105060.0
2021-01-08,30.097088,30.097088,28.932037,29.854368,182310.0
2021-01-11,29.805824,30.097088,29.320389,29.854368,99910.0
2021-01-12,29.563107,29.563107,29.126213,29.126213,90640.0
2021-01-13,29.126213,29.368933,28.834951,29.126213,67980.0
2021-01-14,29.126213,29.514563,29.077669,29.320389,53560.0
2021-01-15,29.126213,29.126213,28.834951,28.834951,148320.0
2021-01-18,28.398058,29.174757,28.30097,29.077669,71070.0
2021-01-19,29.029125,29.126213,28.737864,28.834951,71070.0
2021-01-20,29.320389,29.320389,28.398058,28.398058,79310.0
2021-01-21,28.446602,29.029125,28.398058,28.640776,39140.0
2021-01-22,28.446602,28.737864,28.446602,28.737864,46350.0
2021-01-25,28.446602,28.592234,28.349514,28.495146,35020.0
2021-01-26,28.495146,28.68932,28.398058,28.640776,52530.0
2021-01-27,28.446602,28.640776,28.446602,28.54369,7210.0
2021-01-28,28.54369,28.54369,28.349514,28.495146,65920.0
2021-01-29,28.495146,28.932037,28.155338,28.737864,53560.0
2021-02-01,28.398058,28.592234,28.203882,28.592234,26780.0
2021-02-02,28.252426,28.640776,28.058252,28.495146,44290.0
2021-02-03,28.495146,28.495146,28.30097,28.398058,49440.0
2021-02-04,28.349514,28.349514,28.155338,28.30097,57680.0
2021-02-05,28.252426,31.067961,28.203882,29.854368,96820.0
2021-02-17,30.0,30.0,29.126213,29.368933,60770.0
2021-02-18,29.368933,29.514563,29.223301,29.514563,64890.0
2021-02-19,29.271845,29.805824,29.271845,29.805824,88580.0
2021-02-22,30.291262,30.679611,29.902912,30.582523,267800.0
2021-02-23,30.582523,30.776699,30.145632,30.582523,66950.0
2021-02-24,30.485435,30.776699,30.145632,30.194174,81370.0
2021-02-25,30.194174,30.582523,30.194174,30.38835,45320.0
2021-02-26,30.291262,30.291262,29.75728,29.854368,58710.0
2021-03-02,29.902912,30.582523,29.854368,29.854368,55620.0
2021-03-03,30.242718,30.242718,29.805824,30.097088,65920.0
2021-03-04,30.097088,30.097088,29.805824,30.0,33990.0
2021-03-05,29.320389,30.048544,29.223301,30.048544,53560.0
2021-03-08,30.048544,30.048544,29.61165,30.048544,33990.0
2021-03-09,30.048544,30.048544,29.75728,29.805824,27810.0
2021-03-10,29.854368,29.854368,29.708736,29.805824,62830.0
2021-03-11,29.708736,30.097088,29.708736,30.0,64890.0
2021-03-12,29.951456,30.097088,29.902912,30.048544,85490.0
2021-03-15,30.291262,30.922331,30.048544,30.582523,123600.0
2021-03-16,30.679611,30.970873,30.582523,30.970873,117420.0
2021-03-17,31.116505,31.116505,30.582523,30.582523,103000.0
2021-03-18,31.45631,32.766991,31.45631,32.087379,766320.0
2021-03-19,32.427185,32.427185,31.84466,32.330097,195700.0
2021-03-22,32.330097,32.815533,32.281551,32.718445,154500.0
2021-03-23,33.009708,33.495144,32.621361,32.912621,123600.0
2021-03-24,32.427185,33.155338,32.427185,32.766991,87550.0
2021-03-25,32.621361,32.961166,32.621361,32.864079,60770.0
2021-03-26,32.961166,33.203884,32.815533,33.155338,169950.0
2021-03-29,33.155338,34.951454,33.155338,34.174755,305910.0
2021-03-30,33.980583,34.757282,33.980583,34.320389,154500.0
2021-03-31,34.126213,34.320389,33.786407,33.980583,127720.0
2021-04-01,34.271843,34.466019,33.786407,34.417477,145230.0
2021-04-07,34.951454,34.951454,34.417477,34.660194,120510.0
2021-04-08,34.660194,34.902912,34.417477,34.563107,122570.0
2021-04-09,34.417477,34.466019,33.786407,34.466019,159650.0
2021-04-12,34.126213,37.912621,33.446602,37.912621,1427580.0
2021-04-13,39.660194,40.970875,37.087379,37.087379,3831600.0
2021-04-14,37.087379,37.718445,35.388348,36.067963,782800.0
2021-04-15,36.747574,36.747574,35.922329,36.31068,212180.0
2021-04-16,36.31068,36.407764,35.873787,35.970875,329600.0
2021-04-19,36.31068,36.31068,35.242718,35.582523,281190.0
2021-04-20,35.582523,36.116505,35.097088,35.825241,117420.0
2021-04-21,35.922329,36.019417,35.242718,35.631065,134930.0
2021-04-22,35.776699,35.776699,34.417477,34.417477,290460.0
2021-04-23,34.805824,35.485435,34.126213,35.485435,144200.0
2021-04-26,35.436893,35.922329,35.097088,35.436893,141110.0
2021-04-27,35.728153,35.728153,35.242718,35.631065,99910.0
2021-04-28,35.436893,35.922329,35.436893,35.825241,140080.0
2021-04-29,35.825241,36.116505,35.436893,35.776699,76220.0
2021-05-03,35.776699,35.776699,34.466019,34.854366,162740.0
2021-05-04,34.563107,34.854366,32.038834,33.203884,189520.0
2021-05-05,32.718445,34.417477,32.621361,33.932037,92700.0
2021-05-06,33.39806,33.980583,33.300968,33.883495,80340.0
2021-05-07,33.883495,34.223301,33.349514,34.174755,72100.0
2021-05-10,35.291264,35.728153,34.757282,35.0,367710.0
2021-05-11,34.757282,35.679611,34.514565,34.660194,172010.0
2021-05-12,34.660194,34.854366,32.038834,33.68932,434660.0
2021-05-13,33.592232,34.077667,32.087379,34.077667,220420.0
2021-05-14,34.368931,34.854366,33.786407,34.126213,232780.0
2021-05-17,32.135921,33.495144,32.038834,32.912621,326510.0
2021-05-18,32.912621,33.786407,32.621361,33.786407,128750.0
2021-05-19,33.786407,33.883495,32.961166,33.786407,51500.0
2021-05-20,33.786407,33.786407,33.252426,33.300968,76220.0
2021-05-21,33.592232,33.932037,33.446602,33.68932,140080.0
2021-05-24,33.495144,34.077667,33.495144,34.077667,60770.0
2021-05-25,34.708736,34.708736,34.077667,34.077667,82400.0
2021-05-26,34.466019,34.466019,33.834949,34.271843,49440.0
2021-05-27,34.029125,34.320389,34.029125,34.271843,53560.0
2021-05-28,34.368931,34.854366,34.320389,34.466019,74160.0
2021-05-31,34.854366,34.951454,34.466019,34.854366,45320.0
2021-06-01,34.757282,35.048542,34.708736,34.951454,83430.0
2021-06-02,34.951454,35.14563,34.563107,34.805824,75190.0
2021-06-03,34.805824,34.805824,34.466019,34.757282,40170.0
2021-06-04,34.660194,34.660194,34.223301,34.223301,56650.0
2021-06-07,34.271843,34.271843,32.912621,33.883495,73130.0
2021-06-08,34.174755,34.660194,33.737865,34.174755,44290.0
2021-06-09,34.174755,34.466019,33.980583,34.271843,72100.0
2021-06-10,34.466019,34.466019,33.883495,34.271843,62830.0
2021-06-11,34.126213,34.223301,33.640778,34.077667,160680.0
2021-06-15,34.223301,34.320389,34.077667,34.174755,23690.0
2021-06-16,34.417477,34.466019,33.932037,34.223301,69010.0
2021-06-17,34.126213,34.320389,33.932037,33.932037,77250.0
2021-06-18,33.932037,34.417477,33.737865,34.320389,181280.0
2021-06-21,34.271843,34.320389,33.737865,33.737865,57680.0
2021-06-22,34.174755,34.174755,33.786407,33.980583,89610.0
2021-06-23,33.786407,34.223301,33.737865,34.174755,109180.0
2021-06-24,34.174755,34.417477,34.174755,34.417477,61800.0
2021-06-25,34.417477,34.854366,34.368931,34.466019,40170.0
2021-06-28,34.466019,34.563107,34.271843,34.466019,63860.0
2021-06-29,34.320389,34.320389,34.126213,34.174755,35020.0
2021-06-30,34.271843,34.368931,34.174755,34.320389,23690.0
2021-07-01,34.320389,34.417477,34.174755,34.320389,57680.0
2021-07-02,34.271843,34.563107,34.223301,34.417477,71070.0
2021-07-05,34.417477,34.514565,34.223301,34.466019,93730.0
2021-07-06,34.514565,34.514565,34.223301,34.368931,42230.0
2021-07-07,34.466019,34.466019,34.223301,34.223301,44290.0
2021-07-08,34.320389,35.194176,34.271843,35.048542,193640.0
2021-07-09,34.854366,35.0,34.563107,34.854366,92700.0
2021-07-12,35.242718,35.728153,35.0,35.533981,195700.0
2021-07-13,35.533981,35.873787,35.194176,35.631065,136990.0
2021-07-14,35.825241,35.825241,35.339806,35.436893,75190.0
2021-07-15,35.533981,35.873787,35.436893,35.728153,79310.0
2021-07-16,35.776699,35.825241,35.533981,35.825241,103000.0
2021-07-19,35.825241,36.553398,35.825241,36.407764,271920.0
2021-07-20,36.407764,36.990292,36.407764,36.893204,282220.0
2021-07-21,37.233009,37.621361,36.45631,36.45631,154500.0
2021-07-22,37.135921,37.184467,36.31068,36.699028,76220.0
2021-07-23,36.796116,39.805824,36.31068,39.126213,1188620.0
2021-07-26,39.417477,39.805824,37.961166,39.126213,1646970.0
2021-07-27,39.514565,39.611649,38.737865,39.029125,401700.0
2021-07-28,38.737865,39.029125,37.621361,38.203884,244110.0
2021-07-29,38.203884,38.737865,38.203884,38.39806,116390.0
2021-07-30,38.446602,38.446602,38.05825,38.203884,149350.0
2021-08-02,38.39806,38.495144,38.05825,38.300968,119480.0
2021-08-03,38.300968,38.300968,38.05825,38.155338,114330.0
2021-08-04,38.203884,39.029125,38.203884,38.54369,182310.0
2021-08-05,38.640778,38.640778,38.009708,38.203884,158620.0
2021-08-06,38.203884,38.252426,38.05825,38.05825,63860.0
2021-08-09,38.05825,38.05825,37.524269,37.669903,271920.0
2021-08-10,37.378639,37.475727,37.184467,37.184467,209090.0
2021-08-11,36.893204,36.893204,35.242718,35.388348,449080.0
2021-08-12,35.388348,36.359222,35.388348,36.067963,119480.0
2021-08-13,36.407764,36.407764,35.825241,35.825241,146260.0
2021-08-16,35.922329,36.407764,35.339806,35.582523,138020.0
2021-08-17,35.582523,35.582523,35.582523,35.582523,0.0
2021-08-18,35.339806,35.339806,33.980583,35.242718,184370.0
2021-08-19,35.14563,35.14563,34.271843,34.466019,90640.0
2021-08-20,34.466019,35.388348,34.466019,35.0,83430.0
2021-08-23,35.0,35.388348,34.951454,35.388348,56650.0
2021-08-24,35.485435,35.922329,35.436893,35.679611,44290.0
2021-08-25,35.582523,37.766991,35.533981,37.766991,401700.0
2021-08-26,38.05825,38.349514,36.893204,36.893204,546930.0
2021-08-27,36.796116,37.330097,36.31068,37.087379,170980.0
2021-08-30,37.087379,38.009708,37.087379,37.572815,99910.0
2021-08-31,37.718445,37.718445,37.184467,37.669903,105060.0
2021-09-01,37.572815,38.155338,37.475727,37.961166,179220.0
2021-09-02,38.106796,38.446602,37.669903,37.766991,231750.0
2021-09-03,37.766991,37.864079,37.524269,37.621361,104030.0
2021-09-06,37.669903,37.766991,37.184467,37.184467,170980.0
2021-09-07,37.184467,37.184467,36.553398,36.844662,142140.0
2021-09-08,36.941746,36.941746,36.213593,36.359222,103000.0
2021-09-09,35.922329,37.087379,35.922329,36.893204,75190.0
2021-09-10,36.893204,36.990292,36.407764,36.796116,69010.0
2021-09-13,37.378639,37.378639,36.796116,37.281551,309782.0
2021-09-14,34.650002,35.599998,34.650002,35.5,161000.0
2021-09-15,35.5,36.299999,35.150002,35.299999,43000.0
2021-09-16,35.0,35.200001,35.0,35.099998,32000.0
2021-09-17,35.099998,35.5,35.0,35.200001,44000.0
2021-09-22,35.200001,35.200001,34.700001,34.799999,52000.0
2021-09-23,35.0,35.0,34.700001,34.849998,66000.0
2021-09-24,34.849998,35.0,34.700001,34.75,58000.0
2021-09-27,34.799999,34.799999,34.650002,34.75,64000.0
2021-09-28,34.950001,35.950001,34.5,34.549999,92000.0
2021-09-29,34.299999,34.400002,34.0,34.25,84000.0
2021-09-30,34.299999,34.349998,34.0,34.25,70000.0
2021-10-01,34.200001,34.200001,33.599998,33.900002,138000.0
2021-10-04,33.900002,33.900002,33.0,33.099998,126000.0
2021-10-05,33.049999,33.099998,32.549999,33.099998,103000.0
2021-10-06,33.150002,33.150002,32.799999,33.099998,64000.0
2021-10-07,32.799999,34.0,32.799999,34.0,115000.0
2021-10-08,34.200001,34.299999,33.549999,33.900002,30000.0
2021-10-12,33.599998,34.25,33.549999,34.150002,94000.0
2021-10-13,34.25,34.400002,33.900002,34.400002,85000.0
2021-10-14,34.5,34.5,33.849998,34.299999,97000.0
2021-10-15,34.5,34.5,34.150002,34.25,34000.0
2021-10-18,34.0,34.200001,33.950001,34.150002,49000.0
2021-10-19,34.400002,34.400002,33.849998,33.950001,36000.0
2021-10-20,34.200001,34.299999,34.049999,34.150002,24000.0
2021-10-21,34.150002,36.299999,34.0,35.799999,289000.0
2021-10-22,36.0,36.450001,35.799999,35.900002,612000.0
2021-10-25,35.900002,35.950001,35.0,35.099998,188000.0
2021-10-26,35.349998,35.349998,34.900002,35.049999,76000.0
2021-10-27,35.950001,35.950001,35.099998,35.25,112000.0
2021-10-28,35.200001,36.0,35.099998,35.599998,176000.0
2021-10-29,35.799999,35.900002,35.25,35.799999,110000.0
2021-11-01,35.900002,36.150002,35.799999,36.0,126000.0
2021-11-02,36.099998,36.200001,35.5,35.599998,126000.0
2021-11-03,35.799999,36.0,35.650002,35.75,42000.0
2021-11-04,35.75,35.950001,35.599998,35.75,83000.0
2021-11-05,35.900002,35.900002,35.5,35.650002,43000.0
2021-11-08,35.299999,35.299999,34.400002,34.5,330000.0
2021-11-09,34.5,35.0,34.349998,34.5,119000.0
2021-11-10,34.5,34.75,34.400002,34.450001,63000.0
2021-11-11,34.549999,35.0,34.549999,34.950001,110000.0
2021-11-12,35.0,35.0,34.599998,34.950001,106000.0
2021-11-15,34.700001,35.099998,34.700001,34.799999,49000.0
2021-11-16,34.75,35.049999,34.700001,34.849998,86000.0
2021-11-17,35.099998,35.200001,34.849998,34.950001,156000.0
2021-11-18,35.099998,35.700001,35.0,35.150002,118000.0
2021-11-19,35.700001,35.700001,35.0,35.049999,69000.0
2021-11-22,35.0,35.799999,35.0,35.75,186000.0
2021-11-23,35.950001,36.0,35.599998,36.0,164000.0
2021-11-24,36.099998,36.200001,35.799999,36.0,100000.0
2021-11-25,36.0,36.200001,35.849998,35.849998,97000.0
2021-11-26,35.849998,36.0,35.049999,35.5,75000.0
2021-11-29,35.5,35.5,35.0,35.25,29000.0
2021-11-30,35.400002,36.25,35.200001,35.900002,108000.0
2021-12-01,36.25,36.25,35.400002,36.0,101000.0
2021-12-02,36.299999,36.299999,35.700001,36.0,157000.0
2021-12-03,36.200001,36.25,35.650002,36.200001,152000.0
2021-12-06,36.200001,36.299999,35.849998,36.150002,53000.0
2021-12-07,36.25,36.299999,35.5,35.950001,165000.0
2021-12-08,36.049999,36.099998,35.799999,36.049999,94000.0
2021-12-09,36.150002,36.200001,35.799999,36.0,54000.0
2021-12-10,35.75,36.0,35.75,36.0,21000.0
2021-12-13,35.599998,35.599998,35.099998,35.299999,130000.0
2021-12-14,35.5,35.5,35.0,35.450001,75000.0
2021-12-15,35.5,35.5,35.200001,35.200001,47000.0
2021-12-16,35.400002,35.400002,35.099998,35.150002,50000.0
2021-12-17,35.049999,35.049999,34.650002,35.0,158000.0
2021-12-20,35.0,35.0,34.75,35.0,32000.0
2021-12-21,34.799999,35.0,34.75,34.900002,53000.0
2021-12-22,34.950001,35.450001,34.900002,35.200001,123000.0
2021-12-23,35.349998,35.400002,35.0,35.349998,52000.0
2021-12-24,35.299999,35.450001,35.099998,35.099998,72000.0
2021-12-27,35.099998,35.349998,35.0,35.299999,50000.0
2021-12-28,35.299999,35.75,35.200001,35.25,44000.0
2021-12-29,35.299999,35.299999,35.150002,35.200001,43000.0
2021-12-30,35.400002,35.400002,34.950001,34.950001,87000.0
2022-01-03,35.0,35.0,34.799999,34.849998,33000.0
2022-01-04,34.849998,35.0,34.799999,34.950001,32000.0
2022-01-05,35.200001,35.25,34.799999,35.150002,62000.0
2022-01-06,35.150002,35.150002,34.849998,34.950001,10000.0
2022-01-07,34.799999,35.25,34.700001,34.849998,67000.0
2022-01-10,34.700001,35.150002,34.700001,34.900002,34000.0
2022-01-11,34.799999,34.849998,34.150002,34.299999,144000.0
2022-01-12,34.299999,34.700001,33.900002,34.700001,100000.0
2022-01-13,34.700001,34.700001,34.299999,34.349998,44000.0
2022-01-14,34.349998,34.75,34.200001,34.349998,57000.0
2022-01-17,34.299999,34.900002,34.200001,34.849998,38000.0
2022-01-18,34.799999,34.950001,34.599998,34.75,19000.0
2022-01-19,34.400002,34.799999,34.299999,35.0,37000.0
2022-01-20,34.599998,35.0,34.400002,35.0,22000.0
2022-01-21,35.0,35.0,34.349998,34.700001,37000.0
2022-01-24,34.5,34.5,34.0,34.450001,75000.0
2022-01-25,34.400002,34.650002,33.900002,34.650002,69000.0
2022-01-26,34.549999,34.549999,34.200001,34.400002,40000.0
2022-02-07,34.5,34.700001,34.200001,34.400002,34000.0
2022-02-08,34.599998,34.900002,34.349998,34.849998,78000.0
2022-02-09,35.0,37.650002,35.0,36.700001,890000.0
2022-02-10,36.950001,37.049999,36.25,36.5,773000.0
2022-02-11,36.700001,37.299999,36.5,36.799999,798000.0
2022-02-14,36.299999,36.599998,35.75,36.099998,228000.0
2022-02-15,35.5,35.75,35.0,35.0,340000.0
2022-02-16,35.099998,35.700001,35.099998,35.700001,79000.0
2022-02-17,35.450001,35.849998,35.200001,35.400002,97000.0
2022-02-18,35.450001,35.5,35.200001,35.450001,68000.0
2022-02-21,35.299999,35.299999,35.099998,35.150002,66000.0
2022-02-22,35.299999,35.299999,34.549999,34.75,113000.0
2022-02-23,34.849998,34.849998,34.349998,34.599998,59000.0
2022-02-24,34.599998,34.599998,34.0,34.099998,144000.0
2022-02-25,33.5,34.5,33.5,33.849998,157000.0
2022-03-01,33.849998,34.400002,33.849998,33.900002,83000.0
2022-03-02,33.900002,34.200001,33.75,34.200001,52000.0
2022-03-03,34.200001,34.5,34.150002,34.400002,32000.0
2022-03-04,34.049999,34.099998,33.849998,34.0,86000.0
2022-03-07,33.75,33.75,33.200001,33.400002,108000.0
2022-03-08,33.099998,33.349998,32.799999,33.150002,96000.0
2022-03-09,34.0,34.0,33.299999,33.75,40000.0
2022-03-10,34.200001,34.200001,33.700001,34.0,64000.0
2022-03-11,34.5,35.599998,34.299999,34.450001,218000.0
2022-03-14,34.700001,34.700001,34.299999,34.650002,49000.0
2022-03-15,34.700001,35.0,34.200001,35.0,53000.0
2022-03-16,34.900002,34.900002,34.299999,34.75,26000.0
2022-03-17,34.75,34.799999,34.700001,34.799999,37000.0
2022-03-18,34.700001,34.849998,34.5,34.799999,13000.0
2022-03-21,34.700001,34.700001,34.299999,34.400002,84000.0
2022-03-22,34.200001,34.5,34.200001,34.5,34000.0
2022-03-23,34.400002,34.5,34.400002,34.450001,34000.0
2022-03-24,34.5,34.5,34.299999,34.299999,56000.0
2022-03-25,34.400002,34.75,34.400002,34.549999,53000.0
2022-03-28,34.549999,34.599998,34.349998,34.5,22000.0
2022-03-29,34.849998,34.849998,34.549999,34.650002,16000.0
2022-03-30,34.650002,34.75,34.5,34.650002,22000.0
2022-03-31,34.700001,34.700001,34.450001,34.5,30000.0
2022-04-01,34.450001,34.650002,34.400002,34.549999,18000.0
2022-04-06,34.549999,34.799999,34.299999,34.799999,41000.0
2022-04-07,34.700001,34.700001,34.200001,34.700001,33000.0
2022-04-08,34.5,34.5,34.299999,34.299999,30000.0
2022-04-11,34.299999,34.400002,34.049999,34.150002,90000.0
2022-04-12,34.0,34.0,33.75,33.75,33000.0
2022-04-13,33.75,35.400002,33.75,34.900002,69000.0
2022-04-14,34.099998,34.900002,34.099998,34.400002,46000.0
2022-04-15,34.349998,34.349998,34.0,34.099998,23000.0
2022-04-18,33.900002,34.5,33.900002,34.5,23000.0
2022-04-19,34.799999,34.799999,34.200001,34.599998,16000.0
2022-04-20,34.549999,34.549999,34.049999,34.349998,39000.0
2022-04-21,34.349998,34.650002,34.200001,34.349998,22000.0
2022-04-22,34.400002,34.400002,34.099998,34.150002,26000.0
2022-04-25,33.950001,33.950001,33.599998,33.799999,40000.0
2022-04-26,34.299999,34.299999,33.599998,34.0,14000.0
2022-04-27,33.599998,33.599998,33.299999,33.5,32000.0
2022-04-28,34.099998,34.099998,33.849998,33.849998,2000.0
2022-04-29,33.849998,34.0,33.5,34.0,38000.0
2022-05-03,33.900002,33.950001,33.799999,33.799999,44000.0
2022-05-04,34.0,34.0,33.549999,33.549999,31000.0
2022-05-05,34.0,34.650002,33.650002,34.0,37000.0
2022-05-06,33.099998,34.0,33.0,33.700001,46000.0
2022-05-09,33.25,33.900002,32.650002,33.900002,68000.0
2022-05-10,32.75,33.099998,32.25,33.099998,25000.0
2022-05-11,33.099998,33.150002,32.5,32.75,28000.0
2022-05-12,32.450001,32.5,32.0,32.25,63000.0
2022-05-13,32.200001,32.5,32.0,32.25,16000.0
2022-05-16,32.900002,32.900002,32.299999,32.450001,5000.0
2022-05-17,32.5,32.900002,32.400002,32.700001,40000.0
2022-05-18,32.700001,32.75,32.599998,32.75,6000.0
2022-05-19,32.700001,33.0,32.200001,32.650002,73000.0
2022-05-20,32.599998,32.650002,32.549999,32.650002,82000.0
2022-05-23,32.400002,32.400002,32.200001,32.349998,34000.0
2022-05-24,32.400002,32.75,32.200001,32.75,15000.0
2022-05-25,32.650002,32.700001,32.650002,32.700001,3000.0
2022-05-26,32.5,32.849998,32.299999,32.700001,7000.0
2022-05-27,32.75,32.75,32.400002,32.650002,142000.0
2022-05-30,32.849998,34.0,32.849998,33.5,45000.0
2022-05-31,33.5,33.5,32.599998,33.400002,44000.0
2022-06-01,33.400002,33.450001,32.950001,33.400002,9000.0
2022-06-02,33.299999,33.400002,32.950001,33.349998,30000.0
2022-06-06,33.25,33.299999,33.099998,33.099998,10000.0
2022-06-07,33.099998,33.200001,33.099998,33.099998,8000.0
2022-06-08,33.049999,33.700001,32.900002,33.700001,41000.0
2022-06-09,33.700001,33.849998,33.400002,33.599998,27000.0
2022-06-10,32.549999,33.549999,32.549999,33.5,21000.0
2022-06-13,32.900002,33.0,32.599998,32.900002,11000.0
2022-06-14,32.400002,32.849998,32.400002,32.799999,14000.0
2022-06-15,33.400002,33.400002,32.799999,33.049999,11000.0
2022-06-16,33.349998,33.349998,32.75,32.799999,34000.0
2022-06-17,32.799999,32.799999,32.400002,32.599998,13000.0
2022-06-20,33.200001,33.200001,32.099998,32.849998,23000.0
2022-06-21,32.450001,33.299999,32.400002,33.299999,40000.0
2022-06-22,33.0,33.0,33.0,33.0,1000.0
2022-06-23,32.450001,32.799999,32.349998,32.549999,16000.0
2022-06-24,33.049999,33.049999,32.25,32.349998,22000.0
2022-06-27,32.799999,32.799999,32.400002,32.5,7000.0
2022-06-28,32.549999,35.599998,32.299999,35.599998,50000.0
2022-06-29,33.650002,34.099998,32.450001,33.049999,81000.0
2022-06-30,32.5,32.75,32.0,32.099998,32000.0
2022-07-01,31.5,31.65,31.049999,31.450001,61000.0
2022-07-04,31.0,32.700001,31.0,32.700001,71000.0
2022-07-05,30.9,31.799999,30.049999,30.200001,45000.0
2022-07-06,30.200001,30.35,28.6,29.5,72000.0
2022-07-07,28.85,29.4,28.65,29.049999,25000.0
2022-07-08,29.0,29.299999,28.799999,29.049999,25000.0
2022-07-11,28.6,28.85,28.6,28.85,4000.0
2022-07-12,28.950001,28.950001,28.15,28.200001,13000.0
2022-07-13,28.200001,29.15,28.200001,28.75,44000.0
2022-07-14,28.75,28.85,28.15,28.85,18000.0
2022-07-15,29.0,29.049999,29.0,29.0,9000.0
2022-07-18,29.0,29.299999,29.0,29.1,7000.0
2022-07-19,29.15,30.0,28.9,29.549999,29000.0
2022-07-20,29.5,30.0,29.4,29.549999,32000.0
2022-07-21,29.35,29.35,29.299999,29.35,12000.0
2022-07-22,29.6,30.35,29.6,30.15,271000.0
2022-07-25,30.15,31.0,30.15,30.950001,49000.0
2022-07-26,30.200001,31.200001,30.200001,31.0,20000.0
2022-07-27,30.75,30.950001,30.299999,30.6,38000.0
2022-07-28,30.4,30.9,30.0,30.299999,61000.0
2022-07-29,30.299999,30.5,30.15,30.299999,9000.0
2022-08-01,30.700001,31.4,30.35,30.65,59000.0
2022-08-02,30.1,30.450001,29.75,30.450001,62000.0
2022-08-03,29.65,29.9,29.5,29.75,22000.0
2022-08-04,29.549999,29.549999,29.35,29.450001,23000.0
2022-08-05,29.85,30.1,29.75,30.049999,37000.0
2022-08-08,29.65,29.65,29.6,29.6,13000.0
2022-08-09,29.5,30.4,29.5,30.4,19000.0
2022-08-10,30.1,30.299999,30.1,30.299999,11000.0
2022-08-11,30.299999,30.799999,30.1,30.35,32000.0
2022-08-12,30.5,30.549999,30.450001,30.549999,12000.0
2022-08-15,30.549999,30.6,30.299999,30.35,9000.0
2022-08-16,30.0,30.5,30.0,30.299999,26000.0
2022-08-17,30.1,30.15,29.799999,30.0,33000.0
2022-08-18,30.1,30.1,29.700001,30.049999,11000.0
2022-08-19,30.0,30.1,29.9,30.049999,26000.0
2022-08-22,30.0,30.0,29.799999,29.85,13000.0
2022-08-23,30.049999,30.15,30.049999,30.1,5000.0
2022-08-24,30.1,30.1,30.1,30.1,0.0
2022-08-25,29.85,29.9,29.85,29.85,10000.0
2022-08-26,30.25,30.25,29.9,30.0,26000.0
2022-08-29,29.799999,30.0,29.6,30.0,28000.0
2022-08-30,30.049999,30.35,30.049999,30.1,19000.0
2022-08-31,30.15,30.15,29.9,30.1,12000.0
2022-09-01,30.1,30.15,30.049999,30.1,4000.0
2022-09-02,30.1,30.799999,30.1,30.5,12000.0
2022-09-05,30.5,30.5,29.799999,30.0,27000.0
2022-09-06,30.0,30.299999,29.75,29.950001,152000.0
2022-09-07,30.200001,30.200001,29.950001,30.0,8000.0
2022-09-08,29.799999,30.0,29.65,30.0,13000.0
2022-09-12,30.0,30.0,29.9,29.950001,32000.0
2022-09-13,29.9,30.200001,29.85,29.950001,31000.0
2022-09-14,29.950001,29.950001,29.799999,29.950001,14000.0
2022-09-15,30.15,30.15,29.950001,30.049999,10000.0
2022-09-16,30.299999,30.299999,29.9,30.0,15000.0
2022-09-19,30.0,30.1,29.799999,29.799999,17000.0
2022-09-20,30.1,30.1,29.799999,30.0,6000.0
2022-09-21,30.1,31.0,30.0,30.5,25000.0
2022-09-22,30.4,30.4,30.25,30.299999,5000.0
2022-09-23,30.200001,30.299999,30.0,30.049999,21000.0
2022-09-26,29.950001,30.0,29.5,30.0,28000.0
2022-09-27,30.5,31.5,30.0,30.25,17000.0
2022-09-28,30.0,30.5,29.4,29.950001,28000.0
2022-09-29,30.0,30.1,29.9,29.950001,9000.0
2022-09-30,29.950001,30.0,29.6,29.950001,27000.0
2022-10-03,29.5,29.85,29.5,29.549999,12000.0
2022-10-04,29.700001,30.0,29.65,29.9,50000.0
2022-10-05,29.75,29.75,29.65,29.700001,12000.0
2022-10-06,29.5,29.799999,29.5,29.700001,5000.0
2022-10-07,29.700001,29.75,29.450001,29.75,17000.0
2022-10-11,29.799999,31.0,29.6,29.6,85000.0
2022-10-12,29.5,29.9,29.4,29.65,66000.0
2022-10-13,30.0,30.0,29.299999,29.700001,104000.0
2022-10-14,29.700001,29.700001,29.4,29.549999,21000.0
2022-10-17,29.450001,29.450001,28.5,29.299999,16000.0
2022-10-18,29.799999,29.799999,29.5,29.5,4000.0
2022-10-19,29.950001,29.950001,29.450001,29.5,95000.0
2022-10-20,29.5,30.0,29.200001,29.9,39000.0
2022-10-21,29.35,29.950001,29.299999,29.950001,13000.0
2022-10-24,29.950001,29.950001,29.5,29.700001,6000.0
2022-10-25,29.950001,29.950001,29.950001,29.950001,1000.0
2022-10-26,29.85,29.85,29.700001,29.75,32000.0
2022-10-27,29.299999,29.950001,29.299999,29.950001,15000.0
2022-10-28,29.700001,29.799999,29.4,29.799999,50000.0
2022-10-31,29.799999,29.950001,29.799999,29.950001,7000.0
2022-11-01,29.700001,29.700001,29.700001,29.700001,41000.0
2022-11-02,29.5,29.85,29.5,29.85,21000.0
2022-11-03,29.450001,29.65,29.299999,29.6,48000.0
2022-11-04,29.299999,29.9,29.049999,29.65,92000.0
2022-11-07,29.700001,30.0,29.65,29.950001,52000.0
2022-11-08,29.950001,30.299999,29.799999,30.15,25000.0
2022-11-09,30.200001,30.5,30.1,30.299999,39000.0
2022-11-10,30.299999,30.299999,30.200001,30.25,5000.0
2022-11-11,30.5,30.85,30.35,30.700001,58000.0
2022-11-14,30.85,31.25,30.5,31.1,57000.0
2022-11-15,31.049999,31.049999,30.950001,31.0,10000.0
2022-11-16,31.0,32.0,30.85,31.799999,108000.0
2022-11-17,31.9,32.099998,31.25,32.099998,49000.0
2022-11-18,32.099998,32.450001,31.450001,31.799999,33000.0
2022-11-21,32.0,32.0,31.450001,31.799999,14000.0
2022-11-22,32.200001,32.200001,31.25,31.5,12000.0
2022-11-23,31.5,32.0,31.4,31.549999,13000.0
2022-11-24,31.6,31.9,31.450001,31.9,36000.0
2022-11-25,32.150002,32.150002,31.700001,32.0,26000.0
2022-11-28,32.150002,32.200001,31.75,32.0,8000.0
2022-11-29,31.9,32.400002,31.9,32.049999,65000.0
2022-11-30,32.049999,32.5,32.0,32.25,37000.0
2022-12-01,32.400002,32.700001,32.25,32.700001,57000.0
2022-12-02,32.799999,32.799999,32.299999,32.75,37000.0
2022-12-05,32.75,32.799999,32.700001,32.799999,16000.0
2022-12-06,32.799999,32.799999,32.5,32.799999,31000.0
2022-12-07,32.450001,32.75,32.299999,32.75,15000.0
2022-12-08,32.299999,33.0,32.299999,32.900002,38000.0
2022-12-09,32.5,32.950001,32.5,32.900002,12000.0
2022-12-12,34.200001,34.25,33.349998,34.0,163000.0
2022-12-13,34.0,34.0,33.150002,33.450001,47000.0
2022-12-14,33.450001,34.0,33.25,33.599998,37000.0
2022-12-15,33.799999,33.799999,33.5,33.650002,26000.0
2022-12-16,33.650002,34.799999,33.599998,34.349998,254000.0
2022-12-19,34.450001,34.450001,33.599998,34.400002,75000.0
2022-12-20,34.099998,34.099998,33.200001,33.700001,80000.0
2022-12-21,33.099998,33.799999,33.099998,33.700001,18000.0
2022-12-22,33.700001,33.799999,33.400002,33.700001,29000.0
2022-12-23,33.599998,33.599998,33.200001,33.450001,23000.0
2022-12-26,33.150002,33.650002,32.700001,33.5,69000.0
2022-12-27,34.400002,34.400002,32.799999,32.849998,55000.0
2022-12-28,33.5,33.5,32.900002,32.900002,10000.0
2022-12-29,32.400002,33.400002,32.400002,33.0,27000.0
2022-12-30,33.349998,33.400002,32.150002,32.400002,76000.0
2023-01-03,32.400002,33.0,32.099998,32.700001,33000.0
2023-01-04,32.299999,32.700001,32.25,32.299999,19000.0
2023-01-05,32.450001,32.799999,32.400002,32.75,14000.0
2023-01-06,32.349998,32.799999,32.349998,32.599998,20000.0
2023-01-09,32.650002,32.700001,32.450001,32.5,47000.0
2023-01-10,32.700001,32.75,32.349998,32.75,72000.0
2023-01-11,33.0,34.200001,33.0,33.75,236000.0
2023-01-12,33.75,33.75,33.5,33.650002,25000.0
2023-01-13,33.650002,33.650002,33.400002,33.549999,44000.0
2023-01-16,33.5,33.549999,33.150002,33.349998,44000.0
2023-01-17,33.349998,33.900002,33.0,33.900002,83000.0
